grid,display,series,threshold_q,threshold,xi,sigma,n_exceed,n_days,upper_endpoint,kind,M,value,lo,hi,date
taskA,California-Nevada,joint,85.0,1.1931,-0.367,0.0837,72.0,1815.0,1.421,return_period,1.5,inf,,,
taskA,California-Nevada,joint,85.0,1.1931,-0.367,0.0837,72.0,1815.0,1.421,return_period,2.0,inf,,,
taskA,California-Nevada,joint,85.0,1.1931,-0.367,0.0837,72.0,1815.0,1.421,return_period,2.5,inf,,,
taskA,California-Nevada,joint,85.0,1.1931,-0.367,0.0837,72.0,1815.0,1.421,return_period,3.0,inf,,,
taskA,California-Nevada,joint,90.0,1.2241,-0.417,0.0756,57.0,1815.0,1.4054,return_period,1.5,inf,,,
taskA,California-Nevada,joint,90.0,1.2241,-0.417,0.0756,57.0,1815.0,1.4054,return_period,2.0,inf,,,
taskA,California-Nevada,joint,90.0,1.2241,-0.417,0.0756,57.0,1815.0,1.4054,return_period,2.5,inf,,,
taskA,California-Nevada,joint,90.0,1.2241,-0.417,0.0756,57.0,1815.0,1.4054,return_period,3.0,inf,,,
taskA,California-Nevada,joint,95.0,1.2623,-0.2733,0.0469,46.0,1815.0,1.4338,return_period,1.5,inf,,,
taskA,California-Nevada,joint,95.0,1.2623,-0.2733,0.0469,46.0,1815.0,1.4338,return_period,2.0,inf,,,
taskA,California-Nevada,joint,95.0,1.2623,-0.2733,0.0469,46.0,1815.0,1.4338,return_period,2.5,inf,,,
taskA,California-Nevada,joint,95.0,1.2623,-0.2733,0.0469,46.0,1815.0,1.4338,return_period,3.0,inf,,,
taskA,California-Nevada,joint,90.0,,,,,,,return_period_boot,2.0,inf,inf,inf,
taskA,California-Nevada,joint,90.0,,,,,,,return_period_boot,3.0,inf,inf,inf,
taskA,California-Nevada,joint,,,,,,,,top_day,1.3791,1.0,,,2022-12-23
taskA,California-Nevada,joint,,,,,,,,top_day,1.3728,2.0,,,2021-07-30
taskA,California-Nevada,joint,,,,,,,,top_day,1.3683,3.0,,,2022-12-22
taskA,California-Nevada,joint,,,,,,,,top_day,1.3641,4.0,,,2022-12-21
taskA,California-Nevada,joint,,,,,,,,top_day,1.3593,5.0,,,2024-11-29
taskA,California-Nevada,zone:US-CAL-CISO,85.0,1.2472,-0.2579,0.0998,88.0,1815.0,1.634,return_period,1.5,3.44,,,
taskA,California-Nevada,zone:US-CAL-CISO,85.0,1.2472,-0.2579,0.0998,88.0,1815.0,1.634,return_period,2.0,inf,,,
taskA,California-Nevada,zone:US-CAL-CISO,85.0,1.2472,-0.2579,0.0998,88.0,1815.0,1.634,return_period,2.5,inf,,,
taskA,California-Nevada,zone:US-CAL-CISO,85.0,1.2472,-0.2579,0.0998,88.0,1815.0,1.634,return_period,3.0,inf,,,
taskA,California-Nevada,zone:US-CAL-CISO,90.0,1.2873,-0.2735,0.0909,61.0,1815.0,1.6198,return_period,1.5,3.41,,,
taskA,California-Nevada,zone:US-CAL-CISO,90.0,1.2873,-0.2735,0.0909,61.0,1815.0,1.6198,return_period,2.0,inf,,,
taskA,California-Nevada,zone:US-CAL-CISO,90.0,1.2873,-0.2735,0.0909,61.0,1815.0,1.6198,return_period,2.5,inf,,,
taskA,California-Nevada,zone:US-CAL-CISO,90.0,1.2873,-0.2735,0.0909,61.0,1815.0,1.6198,return_period,3.0,inf,,,
taskA,California-Nevada,zone:US-CAL-CISO,95.0,1.3368,-0.1414,0.0576,49.0,1815.0,1.7442,return_period,1.5,3.79,,,
taskA,California-Nevada,zone:US-CAL-CISO,95.0,1.3368,-0.1414,0.0576,49.0,1815.0,1.7442,return_period,2.0,inf,,,
taskA,California-Nevada,zone:US-CAL-CISO,95.0,1.3368,-0.1414,0.0576,49.0,1815.0,1.7442,return_period,2.5,inf,,,
taskA,California-Nevada,zone:US-CAL-CISO,95.0,1.3368,-0.1414,0.0576,49.0,1815.0,1.7442,return_period,3.0,inf,,,
taskA,California-Nevada,zone:US-CAL-CISO,90.0,,,,,,,return_period_boot,2.0,inf,inf,inf,
taskA,California-Nevada,zone:US-CAL-CISO,90.0,,,,,,,return_period_boot,3.0,inf,inf,inf,
taskA,California-Nevada,zone:US-CAL-CISO,,,,,,,,top_day,1.5549,1.0,,,2023-11-15
taskA,California-Nevada,zone:US-CAL-CISO,,,,,,,,top_day,1.4836,2.0,,,2022-10-18
taskA,California-Nevada,zone:US-CAL-CISO,,,,,,,,top_day,1.4766,3.0,,,2022-12-03
taskA,California-Nevada,zone:US-CAL-CISO,,,,,,,,top_day,1.453,4.0,,,2023-12-11
taskA,California-Nevada,zone:US-CAL-CISO,,,,,,,,top_day,1.4525,5.0,,,2024-01-19
taskA,California-Nevada,zone:US-CAL-BANC,85.0,1.2632,-0.2968,0.1596,67.0,1815.0,1.8008,return_period,1.5,0.52,,,
taskA,California-Nevada,zone:US-CAL-BANC,85.0,1.2632,-0.2968,0.1596,67.0,1815.0,1.8008,return_period,2.0,inf,,,
taskA,California-Nevada,zone:US-CAL-BANC,85.0,1.2632,-0.2968,0.1596,67.0,1815.0,1.8008,return_period,2.5,inf,,,
taskA,California-Nevada,zone:US-CAL-BANC,85.0,1.2632,-0.2968,0.1596,67.0,1815.0,1.8008,return_period,3.0,inf,,,
taskA,California-Nevada,zone:US-CAL-BANC,90.0,1.3365,-0.4563,0.1643,45.0,1815.0,1.6965,return_period,1.5,0.42,,,
taskA,California-Nevada,zone:US-CAL-BANC,90.0,1.3365,-0.4563,0.1643,45.0,1815.0,1.6965,return_period,2.0,inf,,,
taskA,California-Nevada,zone:US-CAL-BANC,90.0,1.3365,-0.4563,0.1643,45.0,1815.0,1.6965,return_period,2.5,inf,,,
taskA,California-Nevada,zone:US-CAL-BANC,90.0,1.3365,-0.4563,0.1643,45.0,1815.0,1.6965,return_period,3.0,inf,,,
taskA,California-Nevada,zone:US-CAL-BANC,95.0,1.429,-0.5008,0.1249,30.0,1815.0,1.6784,return_period,1.5,0.32,,,
taskA,California-Nevada,zone:US-CAL-BANC,95.0,1.429,-0.5008,0.1249,30.0,1815.0,1.6784,return_period,2.0,inf,,,
taskA,California-Nevada,zone:US-CAL-BANC,95.0,1.429,-0.5008,0.1249,30.0,1815.0,1.6784,return_period,2.5,inf,,,
taskA,California-Nevada,zone:US-CAL-BANC,95.0,1.429,-0.5008,0.1249,30.0,1815.0,1.6784,return_period,3.0,inf,,,
taskA,California-Nevada,zone:US-CAL-BANC,90.0,,,,,,,return_period_boot,2.0,inf,inf,inf,
taskA,California-Nevada,zone:US-CAL-BANC,90.0,,,,,,,return_period_boot,3.0,inf,inf,inf,
taskA,California-Nevada,zone:US-CAL-BANC,,,,,,,,top_day,1.6532,1.0,,,2025-03-16
taskA,California-Nevada,zone:US-CAL-BANC,,,,,,,,top_day,1.6405,2.0,,,2024-12-02
taskA,California-Nevada,zone:US-CAL-BANC,,,,,,,,top_day,1.6008,3.0,,,2024-11-29
taskA,California-Nevada,zone:US-CAL-BANC,,,,,,,,top_day,1.5979,4.0,,,2024-11-28
taskA,California-Nevada,zone:US-CAL-BANC,,,,,,,,top_day,1.5947,5.0,,,2024-12-04
taskA,California-Nevada,zone:US-CAL-LDWP,85.0,1.2539,0.0771,0.0902,78.0,1815.0,inf,return_period,1.5,0.76,,,
taskA,California-Nevada,zone:US-CAL-LDWP,85.0,1.2539,0.0771,0.0902,78.0,1815.0,inf,return_period,2.0,38.27,,,
taskA,California-Nevada,zone:US-CAL-LDWP,85.0,1.2539,0.0771,0.0902,78.0,1815.0,inf,return_period,2.5,774.47,,,
taskA,California-Nevada,zone:US-CAL-LDWP,85.0,1.2539,0.0771,0.0902,78.0,1815.0,inf,return_period,3.0,8884.38,,,
taskA,California-Nevada,zone:US-CAL-LDWP,90.0,1.2995,0.1521,0.0787,61.0,1815.0,inf,return_period,1.5,0.7,,,
taskA,California-Nevada,zone:US-CAL-LDWP,90.0,1.2995,0.1521,0.0787,61.0,1815.0,inf,return_period,2.0,22.63,,,
taskA,California-Nevada,zone:US-CAL-LDWP,90.0,1.2995,0.1521,0.0787,61.0,1815.0,inf,return_period,2.5,217.17,,,
taskA,California-Nevada,zone:US-CAL-LDWP,90.0,1.2995,0.1521,0.0787,61.0,1815.0,inf,return_period,3.0,1164.54,,,
taskA,California-Nevada,zone:US-CAL-LDWP,95.0,1.3601,0.0165,0.1059,31.0,1815.0,inf,return_period,1.5,0.59,,,
taskA,California-Nevada,zone:US-CAL-LDWP,95.0,1.3601,0.0165,0.1059,31.0,1815.0,inf,return_period,2.0,50.91,,,
taskA,California-Nevada,zone:US-CAL-LDWP,95.0,1.3601,0.0165,0.1059,31.0,1815.0,inf,return_period,2.5,3226.68,,,
taskA,California-Nevada,zone:US-CAL-LDWP,95.0,1.3601,0.0165,0.1059,31.0,1815.0,inf,return_period,3.0,156772.92,,,
taskA,California-Nevada,zone:US-CAL-LDWP,90.0,,,,,,,return_period_boot,2.0,22.63,5.22,inf,
taskA,California-Nevada,zone:US-CAL-LDWP,90.0,,,,,,,return_period_boot,3.0,1164.54,93.78,inf,
taskA,California-Nevada,zone:US-CAL-LDWP,,,,,,,,top_day,1.8059,1.0,,,2024-07-02
taskA,California-Nevada,zone:US-CAL-LDWP,,,,,,,,top_day,1.8059,2.0,,,2024-07-03
taskA,California-Nevada,zone:US-CAL-LDWP,,,,,,,,top_day,1.8059,3.0,,,2024-07-01
taskA,California-Nevada,zone:US-CAL-LDWP,,,,,,,,top_day,1.7841,4.0,,,2024-06-30
taskA,California-Nevada,zone:US-CAL-LDWP,,,,,,,,top_day,1.7471,5.0,,,2024-07-11
taskA,California-Nevada,zone:US-NW-NEVP,85.0,1.1114,-0.1516,0.0401,78.0,1815.0,1.3762,return_period,1.5,inf,,,
taskA,California-Nevada,zone:US-NW-NEVP,85.0,1.1114,-0.1516,0.0401,78.0,1815.0,1.3762,return_period,2.0,inf,,,
taskA,California-Nevada,zone:US-NW-NEVP,85.0,1.1114,-0.1516,0.0401,78.0,1815.0,1.3762,return_period,2.5,inf,,,
taskA,California-Nevada,zone:US-NW-NEVP,85.0,1.1114,-0.1516,0.0401,78.0,1815.0,1.3762,return_period,3.0,inf,,,
taskA,California-Nevada,zone:US-NW-NEVP,90.0,1.1301,-0.1062,0.0339,57.0,1815.0,1.4489,return_period,1.5,inf,,,
taskA,California-Nevada,zone:US-NW-NEVP,90.0,1.1301,-0.1062,0.0339,57.0,1815.0,1.4489,return_period,2.0,inf,,,
taskA,California-Nevada,zone:US-NW-NEVP,90.0,1.1301,-0.1062,0.0339,57.0,1815.0,1.4489,return_period,2.5,inf,,,
taskA,California-Nevada,zone:US-NW-NEVP,90.0,1.1301,-0.1062,0.0339,57.0,1815.0,1.4489,return_period,3.0,inf,,,
taskA,California-Nevada,zone:US-NW-NEVP,95.0,1.1567,-0.2849,0.0379,38.0,1815.0,1.2899,return_period,1.5,inf,,,
taskA,California-Nevada,zone:US-NW-NEVP,95.0,1.1567,-0.2849,0.0379,38.0,1815.0,1.2899,return_period,2.0,inf,,,
taskA,California-Nevada,zone:US-NW-NEVP,95.0,1.1567,-0.2849,0.0379,38.0,1815.0,1.2899,return_period,2.5,inf,,,
taskA,California-Nevada,zone:US-NW-NEVP,95.0,1.1567,-0.2849,0.0379,38.0,1815.0,1.2899,return_period,3.0,inf,,,
taskA,California-Nevada,zone:US-NW-NEVP,90.0,,,,,,,return_period_boot,2.0,inf,1442380.75,inf,
taskA,California-Nevada,zone:US-NW-NEVP,90.0,,,,,,,return_period_boot,3.0,inf,1246313938289307.0,inf,
taskA,California-Nevada,zone:US-NW-NEVP,,,,,,,,top_day,1.2488,1.0,,,2021-10-05
taskA,California-Nevada,zone:US-NW-NEVP,,,,,,,,top_day,1.247,2.0,,,2021-11-01
taskA,California-Nevada,zone:US-NW-NEVP,,,,,,,,top_day,1.2371,3.0,,,2021-07-30
taskA,California-Nevada,zone:US-NW-NEVP,,,,,,,,top_day,1.2325,4.0,,,2021-10-04
taskA,California-Nevada,zone:US-NW-NEVP,,,,,,,,top_day,1.23,5.0,,,2025-02-13
es_pt_fr,Iberia+France,joint,85.0,1.4827,-0.3468,0.3075,77.0,1815.0,2.3695,return_period,1.5,0.07,,,
es_pt_fr,Iberia+France,joint,85.0,1.4827,-0.3468,0.3075,77.0,1815.0,2.3695,return_period,2.0,0.81,,,
es_pt_fr,Iberia+France,joint,85.0,1.4827,-0.3468,0.3075,77.0,1815.0,2.3695,return_period,2.5,inf,,,
es_pt_fr,Iberia+France,joint,85.0,1.4827,-0.3468,0.3075,77.0,1815.0,2.3695,return_period,3.0,inf,,,
es_pt_fr,Iberia+France,joint,90.0,1.5962,-0.418,0.298,55.0,1815.0,2.3091,return_period,2.0,0.67,,,
es_pt_fr,Iberia+France,joint,90.0,1.5962,-0.418,0.298,55.0,1815.0,2.3091,return_period,2.5,inf,,,
es_pt_fr,Iberia+France,joint,90.0,1.5962,-0.418,0.298,55.0,1815.0,2.3091,return_period,3.0,inf,,,
es_pt_fr,Iberia+France,joint,95.0,1.7539,-0.4229,0.2299,37.0,1815.0,2.2976,return_period,2.0,0.56,,,
es_pt_fr,Iberia+France,joint,95.0,1.7539,-0.4229,0.2299,37.0,1815.0,2.2976,return_period,2.5,inf,,,
es_pt_fr,Iberia+France,joint,95.0,1.7539,-0.4229,0.2299,37.0,1815.0,2.2976,return_period,3.0,inf,,,
es_pt_fr,Iberia+France,joint,90.0,,,,,,,return_period_boot,2.0,0.67,0.32,1.04,
es_pt_fr,Iberia+France,joint,90.0,,,,,,,return_period_boot,3.0,inf,inf,inf,
es_pt_fr,Iberia+France,joint,,,,,,,,top_day,2.2396,1.0,,,2022-10-11
es_pt_fr,Iberia+France,joint,,,,,,,,top_day,2.1484,2.0,,,2022-12-06
es_pt_fr,Iberia+France,joint,,,,,,,,top_day,2.139,3.0,,,2022-10-13
es_pt_fr,Iberia+France,joint,,,,,,,,top_day,2.1242,4.0,,,2022-10-10
es_pt_fr,Iberia+France,joint,,,,,,,,top_day,2.1145,5.0,,,2022-10-12
es_pt_fr,Iberia+France,zone:ES,85.0,1.3746,-0.2926,0.3276,81.0,1815.0,2.4942,return_period,1.5,0.09,,,
es_pt_fr,Iberia+France,zone:ES,85.0,1.3746,-0.2926,0.3276,81.0,1815.0,2.4942,return_period,2.0,1.0,,,
es_pt_fr,Iberia+France,zone:ES,85.0,1.3746,-0.2926,0.3276,81.0,1815.0,2.4942,return_period,2.5,inf,,,
es_pt_fr,Iberia+France,zone:ES,85.0,1.3746,-0.2926,0.3276,81.0,1815.0,2.4942,return_period,3.0,inf,,,
es_pt_fr,Iberia+France,zone:ES,90.0,1.5143,-0.399,0.3298,54.0,1815.0,2.3408,return_period,2.0,0.85,,,
es_pt_fr,Iberia+France,zone:ES,90.0,1.5143,-0.399,0.3298,54.0,1815.0,2.3408,return_period,2.5,inf,,,
es_pt_fr,Iberia+France,zone:ES,90.0,1.5143,-0.399,0.3298,54.0,1815.0,2.3408,return_period,3.0,inf,,,
es_pt_fr,Iberia+France,zone:ES,95.0,1.7009,-0.4157,0.2529,37.0,1815.0,2.3093,return_period,2.0,0.68,,,
es_pt_fr,Iberia+France,zone:ES,95.0,1.7009,-0.4157,0.2529,37.0,1815.0,2.3093,return_period,2.5,inf,,,
es_pt_fr,Iberia+France,zone:ES,95.0,1.7009,-0.4157,0.2529,37.0,1815.0,2.3093,return_period,3.0,inf,,,
es_pt_fr,Iberia+France,zone:ES,90.0,,,,,,,return_period_boot,2.0,0.85,0.35,1.4,
es_pt_fr,Iberia+France,zone:ES,90.0,,,,,,,return_period_boot,3.0,inf,inf,inf,
es_pt_fr,Iberia+France,zone:ES,,,,,,,,top_day,2.2395,1.0,,,2022-10-11
es_pt_fr,Iberia+France,zone:ES,,,,,,,,top_day,2.154,2.0,,,2022-12-07
es_pt_fr,Iberia+France,zone:ES,,,,,,,,top_day,2.1131,3.0,,,2022-10-10
es_pt_fr,Iberia+France,zone:ES,,,,,,,,top_day,2.0919,4.0,,,2022-06-16
es_pt_fr,Iberia+France,zone:ES,,,,,,,,top_day,2.0817,5.0,,,2022-12-06
es_pt_fr,Iberia+France,zone:PT,85.0,1.5842,-0.438,0.3733,94.0,1815.0,2.4366,return_period,2.0,0.24,,,
es_pt_fr,Iberia+France,zone:PT,85.0,1.5842,-0.438,0.3733,94.0,1815.0,2.4366,return_period,2.5,inf,,,
es_pt_fr,Iberia+France,zone:PT,85.0,1.5842,-0.438,0.3733,94.0,1815.0,2.4366,return_period,3.0,inf,,,
es_pt_fr,Iberia+France,zone:PT,90.0,1.7079,-0.5616,0.3771,65.0,1815.0,2.3793,return_period,2.0,0.21,,,
es_pt_fr,Iberia+France,zone:PT,90.0,1.7079,-0.5616,0.3771,65.0,1815.0,2.3793,return_period,2.5,inf,,,
es_pt_fr,Iberia+France,zone:PT,90.0,1.7079,-0.5616,0.3771,65.0,1815.0,2.3793,return_period,3.0,inf,,,
es_pt_fr,Iberia+France,zone:PT,95.0,1.8971,-0.3536,0.2017,44.0,1815.0,2.4675,return_period,2.0,0.2,,,
es_pt_fr,Iberia+France,zone:PT,95.0,1.8971,-0.3536,0.2017,44.0,1815.0,2.4675,return_period,2.5,inf,,,
es_pt_fr,Iberia+France,zone:PT,95.0,1.8971,-0.3536,0.2017,44.0,1815.0,2.4675,return_period,3.0,inf,,,
es_pt_fr,Iberia+France,zone:PT,90.0,,,,,,,return_period_boot,2.0,0.21,0.13,0.27,
es_pt_fr,Iberia+France,zone:PT,90.0,,,,,,,return_period_boot,3.0,inf,inf,inf,
es_pt_fr,Iberia+France,zone:PT,,,,,,,,top_day,2.3485,1.0,,,2021-07-22
es_pt_fr,Iberia+France,zone:PT,,,,,,,,top_day,2.3136,2.0,,,2021-09-15
es_pt_fr,Iberia+France,zone:PT,,,,,,,,top_day,2.2967,3.0,,,2021-04-21
es_pt_fr,Iberia+France,zone:PT,,,,,,,,top_day,2.269,4.0,,,2022-10-11
es_pt_fr,Iberia+France,zone:PT,,,,,,,,top_day,2.2572,5.0,,,2021-07-21
es_pt_fr,Iberia+France,zone:FR,85.0,1.76,-0.1703,0.4437,44.0,1815.0,4.3651,return_period,2.0,0.2,,,
es_pt_fr,Iberia+France,zone:FR,85.0,1.76,-0.1703,0.4437,44.0,1815.0,4.3651,return_period,2.5,0.8,,,
es_pt_fr,Iberia+France,zone:FR,85.0,1.76,-0.1703,0.4437,44.0,1815.0,4.3651,return_period,3.0,5.02,,,
es_pt_fr,Iberia+France,zone:FR,90.0,1.9364,-0.0805,0.3183,45.0,1815.0,5.8893,return_period,2.0,0.14,,,
es_pt_fr,Iberia+France,zone:FR,90.0,1.9364,-0.0805,0.3183,45.0,1815.0,5.8893,return_period,2.5,0.75,,,
es_pt_fr,Iberia+France,zone:FR,90.0,1.9364,-0.0805,0.3183,45.0,1815.0,5.8893,return_period,3.0,5.41,,,
es_pt_fr,Iberia+France,zone:FR,95.0,2.163,-0.054,0.2638,27.0,1815.0,7.05,return_period,2.5,0.69,,,
es_pt_fr,Iberia+France,zone:FR,95.0,2.163,-0.054,0.2638,27.0,1815.0,7.05,return_period,3.0,5.98,,,
es_pt_fr,Iberia+France,zone:FR,90.0,,,,,,,return_period_boot,2.0,0.14,0.08,inf,
es_pt_fr,Iberia+France,zone:FR,90.0,,,,,,,return_period_boot,3.0,5.41,1.43,inf,
es_pt_fr,Iberia+France,zone:FR,,,,,,,,top_day,3.3336,1.0,,,2022-12-08
es_pt_fr,Iberia+France,zone:FR,,,,,,,,top_day,3.1628,2.0,,,2022-12-07
es_pt_fr,Iberia+France,zone:FR,,,,,,,,top_day,3.139,3.0,,,2022-12-06
es_pt_fr,Iberia+France,zone:FR,,,,,,,,top_day,3.0966,4.0,,,2022-12-11
es_pt_fr,Iberia+France,zone:FR,,,,,,,,top_day,3.0671,5.0,,,2022-12-12
